SSX1_homSap	0f30f3c52d1ca604e23588b4210ce666	188	MobiDBLite	mobidb-lite	consensus disorder prediction	111	188	-	T	02-12-2025	-	-	-	-
SSX1_homSap	0f30f3c52d1ca604e23588b4210ce666	188	SMART	SM00349	krabfinus	23	82	8.3E-14	T	02-12-2025	IPR001909	Krueppel-associated box	GO:0006355(InterPro)	Reactome:R-BTA-212436|Reactome:R-HSA-111367|Reactome:R-HSA-212436|Reactome:R-HSA-3214841|Reactome:R-HSA-3899300|Reactome:R-HSA-6803204|Reactome:R-HSA-73856|Reactome:R-HSA-77588|Reactome:R-HSA-912446|Reactome:R-HSA-9843940|Reactome:R-MMU-111367|Reactome:R-MMU-212436|Reactome:R-MMU-3214841|Reactome:R-MMU-73856|Reactome:R-MMU-77588|Reactome:R-MMU-9843940|Reactome:R-RNO-212436|Reactome:R-RNO-3214841|Reactome:R-RNO-9843940
SSX1_homSap	0f30f3c52d1ca604e23588b4210ce666	188	SUPERFAMILY	SSF109640	KRAB domain (Kruppel-associated box)	19	72	3.01E-11	T	02-12-2025	IPR036051	Krueppel-associated box domain superfamily	GO:0006355(InterPro)	Reactome:R-BTA-212436|Reactome:R-HSA-111367|Reactome:R-HSA-212436|Reactome:R-HSA-3214841|Reactome:R-HSA-3899300|Reactome:R-HSA-6803204|Reactome:R-HSA-73856|Reactome:R-HSA-77588|Reactome:R-HSA-912446|Reactome:R-HSA-9843940|Reactome:R-MMU-111367|Reactome:R-MMU-212436|Reactome:R-MMU-3214841|Reactome:R-MMU-73856|Reactome:R-MMU-77588|Reactome:R-MMU-9843940|Reactome:R-RNO-212436|Reactome:R-RNO-3214841|Reactome:R-RNO-9843940
SSX1_homSap	0f30f3c52d1ca604e23588b4210ce666	188	MobiDBLite	mobidb-lite	consensus disorder prediction	179	188	-	T	02-12-2025	-	-	-	-
SSX1_homSap	0f30f3c52d1ca604e23588b4210ce666	188	MobiDBLite	mobidb-lite	consensus disorder prediction	153	170	-	T	02-12-2025	-	-	-	-
SSX1_homSap	0f30f3c52d1ca604e23588b4210ce666	188	Pfam	PF09514	SSXRD motif	158	187	1.2E-9	T	02-12-2025	IPR019041	SSXRD motif	GO:0005634(InterPro)|GO:0006355(InterPro)	Reactome:R-HSA-212436|Reactome:R-HSA-3214841|Reactome:R-HSA-912446|Reactome:R-MMU-3214841|Reactome:R-RNO-3214841
SSX1_homSap	0f30f3c52d1ca604e23588b4210ce666	188	MobiDBLite	mobidb-lite	consensus disorder prediction	115	125	-	T	02-12-2025	-	-	-	-
SSX1_homSap	0f30f3c52d1ca604e23588b4210ce666	188	ProSiteProfiles	PS50806	KRAB-related domain profile.	20	83	27.944828	T	02-12-2025	IPR003655	Ancestral KRAB domain	GO:0006355(InterPro)	Reactome:R-HSA-212436|Reactome:R-HSA-3214841|Reactome:R-HSA-912446|Reactome:R-HSA-9843940|Reactome:R-MMU-3214841|Reactome:R-RNO-3214841
SSX1_homSap	0f30f3c52d1ca604e23588b4210ce666	188	PANTHER	PTHR14112	SYNOVIAL SARCOMA, X MEMBER	1	186	1.9E-89	T	02-12-2025	-	-	GO:0005634(PANTHER)	-
SSX1_homSap	0f30f3c52d1ca604e23588b4210ce666	188	MobiDBLite	mobidb-lite	consensus disorder prediction	1	22	-	T	02-12-2025	-	-	-	-
